리뷰ID,작성일,채널,평점,주제,리뷰내용,답변상태,답변까지_시간
SYN-R001,2026-05-04,스마트스토어,5,상품품질,포장이 깔끔하고 상품 상태가 좋음,답변완료,3
SYN-R002,2026-05-06,스마트스토어,2,배송,배송이 예정일보다 늦음,미응답,
SYN-R003,2026-05-08,네이버지도,5,매장응대,설명이 친절하고 빠름,답변완료,2
SYN-R004,2026-05-09,스마트스토어,3,가격,가격 안내가 조금 더 분명하면 좋겠음,답변완료,9
SYN-R005,2026-05-11,스마트스토어,4,상품품질,상품 상태가 기대와 같음,답변완료,4
SYN-R006,2026-05-13,스마트스토어,2,배송,배송 조회가 오래 멈춰 있었음,미응답,
SYN-R007,2026-05-15,네이버지도,5,매장응대,질문에 바로 답해줘서 좋음,답변완료,1
SYN-R008,2026-05-16,스마트스토어,3,가격,묶음 할인 안내가 부족함,답변완료,10
SYN-R009,2026-05-18,스마트스토어,5,상품품질,사용감이 좋아 다시 살 예정,답변완료,4
SYN-R010,2026-05-20,스마트스토어,3,배송,배송 상태 확인이 어려움,답변완료,48
SYN-R011,2026-05-22,네이버지도,5,매장응대,설명이 쉬워 선택하기 편함,답변완료,2
SYN-R012,2026-05-23,스마트스토어,3,가격,가격 비교가 조금 어려움,답변완료,8
SYN-R013,2026-05-25,스마트스토어,5,상품품질,상품 마감이 깔끔함,답변완료,3
SYN-R014,2026-05-27,스마트스토어,2,배송,배송이 이틀 늦음,미응답,
SYN-R015,2026-05-29,네이버지도,4,매장응대,주말에 대기는 조금 길었음,답변완료,6
SYN-R016,2026-05-30,스마트스토어,3,가격,할인 조건 안내가 부족함,답변완료,12
SYN-R017,2026-06-01,스마트스토어,5,상품품질,포장과 품질 모두 만족,답변완료,2
SYN-R018,2026-06-03,스마트스토어,4,배송,배송 안내가 빨라 안심됨,답변완료,4
SYN-R019,2026-06-05,네이버지도,5,매장응대,문의 답변이 친절함,답변완료,1
SYN-R020,2026-06-06,스마트스토어,4,가격,행사 가격이 만족스러움,답변완료,5
SYN-R021,2026-06-08,스마트스토어,4,상품품질,상품 상태가 안정적임,답변완료,3
SYN-R022,2026-06-10,스마트스토어,4,배송,다음날 도착해서 좋음,답변완료,3
SYN-R023,2026-06-12,네이버지도,5,매장응대,설명이 구체적이라 좋음,답변완료,2
SYN-R024,2026-06-13,스마트스토어,4,가격,할인 조건을 이해하기 쉬움,답변완료,4
SYN-R025,2026-06-15,스마트스토어,5,상품품질,재구매해도 품질이 같음,답변완료,2
SYN-R026,2026-06-17,스마트스토어,4,배송,배송 상태 안내가 좋음,답변완료,2
SYN-R027,2026-06-19,네이버지도,5,매장응대,응대가 빠르고 편안함,답변완료,1
SYN-R028,2026-06-20,스마트스토어,4,가격,가격 표기가 명확함,답변완료,4
SYN-R029,2026-06-22,스마트스토어,5,상품품질,포장이 안전하고 사용이 편함,답변완료,2
SYN-R030,2026-06-24,스마트스토어,4,배송,예정일에 도착함,답변완료,3
SYN-R031,2026-06-26,네이버지도,5,매장응대,설명이 간단명료해서 좋음,답변완료,2
SYN-R032,2026-06-27,스마트스토어,4,가격,행사 가격이 이해하기 쉬움,답변완료,3
