날짜,요일,날씨,총주문수,아이스음료매출_원,따뜻한음료매출_원,디저트매출_원,총매출_원
2026-05-04,월,맑음,67,410000,350000,170000,930000
2026-05-06,수,흐림,68,430000,340000,175000,945000
2026-05-08,금,맑음,70,460000,330000,190000,980000
2026-05-09,토,맑음,125,920000,480000,360000,1760000
2026-05-11,월,맑음,68,440000,330000,180000,950000
2026-05-13,수,비,52,300000,300000,130000,730000
2026-05-15,금,맑음,71,470000,320000,195000,985000
2026-05-16,토,맑음,130,970000,470000,380000,1820000
2026-05-18,월,맑음,69,480000,310000,190000,980000
2026-05-20,수,흐림,72,500000,300000,205000,1005000
2026-05-22,금,비,54,330000,290000,140000,760000
2026-05-23,토,맑음,135,1040000,450000,410000,1900000
2026-05-25,월,맑음,73,510000,300000,205000,1015000
2026-05-27,수,,73,530000,290000,,1035000
2026-05-29,금,맑음,75,550000,280000,220000,1050000
2026-05-30,토,맑음,140,1120000,420000,440000,1980000
2026-06-01,월,맑음,74,570000,270000,225000,1065000
2026-06-03,수,비,57,390000,250000,155000,795000
2026-06-05,금,맑음,77,610000,250000,235000,1095000
2026-06-06,토,맑음,145,1210000,390000,470000,2070000
2026-06-08,월,맑음,76,630000,240000,240000,1110000
2026-06-10,수,흐림,77,650000,235000,245000,1130000
2026-06-12,금,맑음,76,,230000,250000,1150000
2026-06-13,토,맑음,150,1310000,360000,500000,2170000
2026-06-15,월,맑음,78,690000,220000,250000,1160000
2026-06-17,수,맑음,79,710000,215000,260000,1185000
2026-06-19,금,비,60,450000,210000,175000,835000
2026-06-20,토,맑음,155,1420000,340000,520000,2280000
2026-06-22,월,맑음,80,730000,205000,270000,1205000
2026-06-24,수,맑음,81,750000,200000,280000,1230000
2026-06-26,금,맑음,83,770000,195000,290000,1255000
2026-06-27,토,맑음,160,1510000,320000,560000,2390000
