날짜,요일,커트예약건수,염색예약건수,재방문예약건수,취소건수,노쇼건수,완료방문건수,완료매출_원,운영상태
2026-05-04,월,10,4,8,1,0,13,520000,
2026-05-06,수,11,5,9,1,0,15,620000,
2026-05-08,금,13,6,10,3,1,15,670000,
2026-05-09,토,22,10,17,2,0,30,1360000,
2026-05-11,월,11,4,9,1,0,14,550000,
2026-05-13,수,12,5,10,1,0,16,650000,
2026-05-15,금,14,6,11,4,1,15,690000,
2026-05-16,토,23,11,18,2,0,32,1450000,
2026-05-18,월,11,5,9,1,0,15,620000,
2026-05-20,수,12,6,10,1,0,17,710000,
2026-05-22,금,14,6,12,4,1,15,700000,
2026-05-23,토,24,12,19,2,0,34,1540000,
2026-05-25,월,12,6,10,1,0,17,700000,
2026-05-27,수,13,6,11,1,0,18,740000,
2026-05-29,금,15,7,12,5,1,16,780000,
2026-05-30,토,25,13,20,2,0,36,1670000,
2026-06-01,월,12,3,10,1,0,14,520000,염색담당교육
2026-06-03,수,13,3,11,1,0,15,560000,염색담당교육
2026-06-05,금,15,4,12,5,1,13,570000,염색담당교육
2026-06-06,토,25,7,19,2,0,30,1200000,염색담당교육
2026-06-08,월,13,3,11,1,0,15,560000,염색담당교육
2026-06-10,수,14,4,12,,0,17,620000,염색담당교육
2026-06-12,금,16,4,13,5,1,14,620000,염색담당교육
2026-06-13,토,26,8,20,2,0,32,1320000,염색담당교육
2026-06-15,월,13,7,11,1,0,19,810000,
2026-06-17,수,14,8,12,1,0,21,890000,
2026-06-19,금,16,8,13,5,1,18,890000,
2026-06-20,토,27,15,21,2,0,40,1840000,
2026-06-22,월,14,8,12,1,0,21,890000,
2026-06-24,수,15,9,13,1,0,23,970000,
2026-06-26,금,17,9,14,,1,20,960000,
2026-06-27,토,28,16,22,2,0,42,1960000,
