날짜,요일,프로모션여부,온라인주문수,매장주문수,주방용품매출_원,생활용품매출_원,순매출_원,반품건수,재고메모
2026-05-04,월,없음,28,43,390000,260000,650000,2,
2026-05-06,수,없음,30,45,420000,275000,695000,2,
2026-05-08,금,없음,35,50,455000,290000,745000,3,
2026-05-09,토,없음,78,55,690000,430000,1120000,4,
2026-05-11,월,없음,29,44,405000,270000,675000,2,
2026-05-13,수,없음,31,46,430000,285000,715000,3,
2026-05-15,금,없음,37,50,470000,300000,770000,3,
2026-05-16,토,없음,82,57,720000,445000,1165000,4,
2026-05-18,월,없음,30,45,420000,275000,695000,2,
2026-05-20,수,없음,32,47,445000,290000,735000,,
2026-05-22,금,없음,39,52,485000,315000,800000,3,
2026-05-23,토,없음,86,58,750000,460000,1210000,4,
2026-05-25,월,없음,27,44,260000,290000,550000,3,주방용품재고부족
2026-05-27,수,없음,28,46,255000,300000,555000,3,주방용품재고부족
2026-05-29,금,없음,34,49,275000,320000,595000,4,주방용품재고부족
2026-05-30,토,없음,75,55,390000,460000,850000,5,주방용품재고부족
2026-06-01,월,없음,28,43,300000,295000,595000,3,주방용품재고부족
2026-06-03,수,없음,30,45,320000,310000,630000,3,주방용품재고부족
2026-06-05,금,여름정리,49,48,350000,420000,770000,5,
2026-06-06,토,없음,84,56,650000,475000,1125000,4,
2026-06-08,월,없음,31,44,430000,310000,740000,2,
2026-06-10,수,없음,34,,450000,325000,775000,3,
2026-06-12,금,여름정리,55,49,460000,450000,910000,5,
2026-06-13,토,없음,92,58,790000,500000,1290000,4,
2026-06-15,월,없음,32,45,455000,325000,780000,2,
2026-06-17,수,없음,34,47,470000,335000,805000,3,
2026-06-19,금,여름정리,58,50,485000,470000,955000,5,
2026-06-20,토,없음,96,60,815000,520000,1335000,5,
2026-06-22,월,없음,34,46,480000,340000,820000,2,
2026-06-24,수,없음,36,48,495000,350000,845000,3,
2026-06-26,금,여름정리,60,52,510000,490000,1000000,5,
2026-06-27,토,없음,100,62,840000,545000,1385000,5,
